bucket,precision,recall,support
0-25,0.9065804935370153,1.0,83322
25-50,0.348504837291117,0.1998234997478568,7932
50-75,0.31053984575835475,0.14688715953307394,4112
75-100+,1.0,0.34505826499784203,4634
