method,split,tier,n_exec,vr_cpu,vr_mem,vr_any,waste_cpu,waste_mem,slack_reduction_cpu_pct,slack_reduction_mem_pct
baseline0_as_is,1d,all,745655,0.9252120618784827,0.15309895326927334,0.9271647075390094,567.5624418258667,2671.6122512817383,0.0,0.0
baseline1_p95,1d,all,745655,0.2625530573790828,0.1277802737190792,0.30899678805882075,30405.97022686003,1407.6953972816468,-5257.290755355564,47.30914276176264
baseline1_p95,1d,high,553270,0.04808502177960128,0.07297522005530753,0.10818587669673035,30140.474255371082,649.2257770538329,-8579.218189177082,65.85487395202233
baseline1_p95,1d,medium,5530,0.14466546112115733,0.1352622061482821,0.24466546112115733,53.451131629943816,1.9232020378112793,-548.219658412792,85.95597430388788
baseline1_p95,1d,low,186855,0.9010730245377432,0.28983436354392444,0.9054935645286452,212.0448398590088,756.5464181900024,0.0,0.0
baseline1_p99,1d,all,745655,0.23555799934285962,0.09567293185186179,0.2573670128947033,56032.5355778885,1877.33966753006,-9772.488284730804,29.73008464721327
baseline1_p99,1d,high,553270,0.011901964682704647,0.029804616191009815,0.03887071411788096,55754.327857971206,1118.759870939255,-15954.95561782696,41.160381856729806
baseline1_p99,1d,medium,5530,0.12477396021699819,0.1251356238698011,0.2179023508137432,66.16288005828856,2.033378400802612,-702.3792612616995,85.15142041837368
baseline1_p99,1d,low,186855,0.9010730245377432,0.28983436354392444,0.9054935645286452,212.0448398590088,756.5464181900024,0.0,0.0
