method,split,tier,n_exec,vr_cpu,vr_mem,vr_any,waste_cpu,waste_mem,slack_reduction_cpu_pct,slack_reduction_mem_pct
baseline0_as_is,1w,all,5518821,0.944415664142758,0.13776493203892642,0.9458868116940194,2867.451111793518,15980.583096504211,0.0,0.0
baseline1_p95,1w,all,5518821,0.15116435195125916,0.11427205194732716,0.22872059086533156,242484.12489652628,6710.515613555908,-8356.434493307717,58.00831813812583
baseline1_p95,1w,high,4882908,0.04798697825148457,0.10081041870950672,0.13436951914719672,241940.3624037265,4547.253929567337,-9210.783564450609,67.0160066130942
baseline1_p95,1w,medium,12710,0.17073170731707318,0.5303697875688435,0.5808025177025964,295.4414593219757,4.8039479732513435,-1331.8310327957665,86.61144186874955
baseline1_p95,1w,low,623203,0.9591786303981207,0.21126021537123538,0.960797685505365,248.3210334777832,2158.45773601532,0.0,0.0
baseline1_p99,1w,all,5518821,0.11942895049504233,0.06772279803965375,0.16051308784974183,463230.275277443,10488.365994186397,-16054.774997629991,34.368064476438946
baseline1_p99,1w,high,4882908,0.012141330535000864,0.04824276844863758,0.05733202427733637,462619.4371355724,8324.958105278012,-17703.352070249388,39.61402478421584
baseline1_p99,1w,medium,12710,0.16199842643587725,0.5135326514555468,0.5605035405192762,362.5171083927155,4.950152893066405,-1656.9072631409874,86.20397012290412
baseline1_p99,1w,low,623203,0.9591786303981207,0.21126021537123538,0.960797685505365,248.3210334777832,2158.45773601532,0.0,0.0
