split,resource,policy,rows_used,violation_rate,coverage,avg_slack,median_slack,avg_overprovision,avg_underprovision,mae
test_common,cpu,as_is,7159,0.4059226148903478,0.5940773851096521,-0.007125246772920641,0.0020227432250976562,0.004848175565695893,0.011973422338616533,0.016821597904312424
test_common,mem,as_is,7159,0.1347953624807934,0.8652046375192066,0.002352866668210947,0.001850128173828125,0.0037627323394148755,0.0014098656712039288,0.005172598010618804
test_common,cpu,baseline,7159,0.42491968151976534,0.5750803184802347,0.0042322614529896095,0.0010614692005202,0.00985292943228517,0.00562066797929556,0.015473597411580728
test_common,mem,baseline,7159,0.3700237463332868,0.6299762536667133,0.0003551394766634151,5.62742062579797e-05,0.0008382373660658957,0.0004830978894024805,0.0013213352554683761
test_common,cpu,ml,7159,0.30828327978767983,0.6917167202123201,0.0004042845542932684,0.00035620492723877355,0.0016003123922719482,0.0011960278379786794,0.0027963402302506276
test_common,mem,ml,7159,0.3726777482888672,0.6273222517111329,0.0002881432446000413,4.470499698072672e-05,0.00041063864756841806,0.00012249540296837676,0.0005331340505367948
test_common,cpu,hybrid,7159,0.24137449364436372,0.7586255063556363,0.009196174798274774,0.001839823785819296,0.01031386022909861,0.0011176854308238325,0.01143154565992244
test_common,mem,hybrid,7159,0.2306188015085906,0.7693811984914094,0.0008065870819232621,0.00010460368952535878,0.0008976573381077581,9.107025618449592e-05,0.0009887275942922539
