split,resource,policy,rows_used,violation_rate,coverage,avg_slack,median_slack,avg_overprovision,avg_underprovision,mae
val_common,cpu,as_is,8306,0.43053214543703344,0.5694678545629666,-0.008149857639319174,0.0036163330078125,0.005461067628665284,0.013610925267984457,0.01907199289664974
val_common,mem,as_is,8306,0.09523236214784493,0.9047676378521551,0.003179878204551456,0.0029144287109375,0.003937739278791957,0.000757861074240501,0.004695600353032459
val_common,cpu,baseline,8306,0.32217673970623645,0.6778232602937635,-0.0026626405058993263,0.0008243956294745505,0.006002286621425933,0.008664927127325259,0.01466721374875119
val_common,mem,baseline,8306,0.31146159402841317,0.6885384059715868,-6.757623338289597e-05,5.62742062579797e-05,0.0005593490495198069,0.0006269252829027027,0.0011862743324225096
val_common,cpu,ml,8306,0.5315434625571875,0.4684565374428124,-0.0006533028231723022,-5.163861836755303e-05,0.001097540856816553,0.0017508436799888551,0.002848384536805408
val_common,mem,ml,8306,0.3484228268721406,0.6515771731278593,-4.14515369886968e-06,2.2496271412819624e-05,0.00021126551597288356,0.00021541066967175324,0.0004266761856446368
val_common,cpu,hybrid,8306,0.18540813869491934,0.8145918613050807,0.0048282716731869015,0.0009146033557936376,0.006172299346939475,0.001344027673752574,0.007516327020692049
val_common,mem,hybrid,8306,0.228991090777751,0.771008909222249,0.00040347780087125865,8.452229667454958e-05,0.0006005166347741328,0.00019703883390287416,0.000797555468677007
