baseline,n_windows,avg_required_units,avg_provisioned_units,peak_required_units,peak_provisioned_units,slo_safe_rate,underprovision_rate,overprovision_rate,avg_under_units,avg_over_units,avg_provisioned_image_units,avg_provisioned_text_units
Fixed Monolith,720,5.384722222222222,19.0,29,19,0.9527777777777777,0.04722222222222222,0.9416666666666667,0.17916666666666667,13.794444444444444,,
Fixed Decoupled,720,5.384722222222222,19.0,29,19,0.9472222222222222,0.05277777777777778,0.9472222222222222,0.18472222222222223,13.8,15.0,4.0
Reactive Decoupled,720,5.384722222222222,5.376388888888889,29,29,0.7152777777777778,0.2847222222222222,0.275,0.8111111111111111,0.8027777777777778,3.8055555555555554,1.5708333333333333
