baseline,n_windows,avg_required_units,avg_provisioned_units,peak_required_units,peak_provisioned_units,slo_safe_rate,underprovision_rate,overprovision_rate,avg_under_units,avg_over_units,avg_provisioned_image_units,avg_provisioned_text_units
Fixed Monolith,288,8.61111111111111,19.0,29,19,0.8819444444444444,0.11805555555555555,0.8541666666666666,0.4479166666666667,10.836805555555555,,
Fixed Decoupled,288,8.61111111111111,19.0,29,19,0.8680555555555556,0.13194444444444445,0.8680555555555556,0.4618055555555556,10.850694444444445,15.0,4.0
Reactive Decoupled,288,8.61111111111111,8.60763888888889,29,29,0.6631944444444444,0.3368055555555556,0.34375,1.25,1.2465277777777777,6.510416666666667,2.0972222222222223
