method,split,tier,n_exec,vr_cpu,vr_mem,vr_any,waste_cpu,waste_mem,slack_reduction_cpu_pct,slack_reduction_mem_pct
baseline0_as_is,1d,all,745655,0.9252120618784827,0.15309895326927334,0.9271647075390094,567.5624418258667,2671.6122512817383,0.0,0.0
baseline1_p95,1d,all,745655,0.2625530573790828,0.1277802737190792,0.30899678805882075,30405.97022686003,1407.6953972816468,-5257.290755355564,47.30914276176264
baseline1_p95,1d,high,553270,0.04808502177960128,0.07297522005530753,0.10818587669673035,30140.474255371082,649.2257770538329,-5210.512471254458,75.69910166630221
baseline1_p95,1d,medium,6752,0.25547985781990523,0.11552132701421801,0.3375296208530806,56.936775016784644,4.296475887298584,89.96819189893594,99.839180409274
baseline1_p95,1d,low,185633,0.902021731049975,0.29156992560589984,0.9064659839575937,208.55919647216797,754.1731443405151,63.253523999604546,71.77086068611158
baseline1_p99,1d,all,745655,0.23555799934285962,0.09567293185186179,0.2573670128947033,56032.5355778885,1877.33966753006,-9772.488284730804,29.73008464721327
baseline1_p99,1d,high,553270,0.011901964682704647,0.029804616191009815,0.03887071411788096,55754.327857971206,1118.759870939255,-9723.47029139393,58.124167517082704
baseline1_p99,1d,medium,6752,0.2391883886255924,0.10722748815165876,0.3156101895734597,69.64852344512938,4.406652250289917,87.72848266316828,99.83505644394414
baseline1_p99,1d,low,185633,0.902021731049975,0.29156992560589984,0.9064659839575937,208.55919647216797,754.1731443405151,63.253523999604546,71.77086068611158
