method,split,tier,n_exec,vr_cpu,vr_mem,vr_any,waste_cpu,waste_mem,slack_reduction_cpu_pct,slack_reduction_mem_pct
baseline0_as_is,1w,all,5518821,0.944415664142758,0.13776493203892642,0.9458868116940194,2867.451111793518,15980.583096504211,0.0,0.0
baseline1_p95,1w,all,5518821,0.15116435195125916,0.11427205194732716,0.22872059086533156,242484.12489652628,6710.515613555908,-8356.434493307717,58.00831813812583
baseline1_p95,1w,high,4882908,0.04798697825148457,0.10081041870950672,0.13436951914719672,241940.3624037265,4547.253929567337,-8337.471223434934,71.54513135028988
baseline1_p95,1w,medium,17971,0.35139947693506207,0.5070947637860999,0.6420900339435758,302.2416178226471,13.247477102279664,89.45957207150092,99.91710266751045
baseline1_p95,1w,low,617942,0.9606370824446308,0.20922028280971353,0.9622505024743423,241.52087497711182,2150.0142068862915,91.57715805564467,86.546084120313
baseline1_p99,1w,all,5518821,0.11942895049504233,0.06772279803965375,0.16051308784974183,463230.275277443,10488.365994186397,-16054.774997629991,34.368064476438946
baseline1_p99,1w,high,4882908,0.012141330535000864,0.04824276844863758,0.05733202427733637,462619.4371355724,8324.958105278012,-16033.47251964325,47.905792579623736
baseline1_p99,1w,medium,17971,0.3452228590506928,0.4951866896666852,0.6277335707528796,369.3172668933868,13.393682022094726,87.12036395754768,99.91618777648968
baseline1_p99,1w,low,617942,0.9606370824446308,0.20922028280971353,0.9622505024743423,241.52087497711182,2150.0142068862915,91.57715805564467,86.546084120313
